{"initial_reset_timestamp": 7.8003916, "timestamps": [13.6930653, 15.9378709, 17.2142522, 18.6371019, 20.4320172, 22.5861316, 23.9454982, 24.9303735, 27.1613113, 32.9237985], "episode_lengths": [110, 105, 81, 99, 121, 148, 88, 69, 137, 102], "episode_rewards": [-457.74762472877444, -260.5495593376726, -50.05464800552097, -133.4956454932979, -489.4064191699352, -222.04443115655107, -128.78994647923025, -176.28058014314126, -409.06056125955655, -228.69804872983065], "episode_types": ["t", "t", "t", "t", "t", "t", "t", "t", "t", "t"]}